・,fffafa,1635731259,218.41.36.26
-,b0c4de,1635733390,126.87.216.96
৲,ff0000,1635761921,220.98.51.76
┐,483d8b,1635992839,240b:250:261:e800:4003:fa0b:46ff:a869
…,fffafa,1636086609,240b:250:261:e800:f111:f61e:b04:3ed0
⟩,808080,1636343267,118.13.57.153
〜,90ee90,1636354265,210.248.148.152
°,f0ffff,1636506133,240b:250:261:e800:19b4:f000:b9a8:8706
⧘,483d8b,1636938452,2400:4150:264:9b00:e5dd:277b:d21:5ee4
৲,0000cd,1636955826,210.80.224.34
⟡,800000,1637149974,2400:4150:2163:fc00:c004:eb1f:4939:878f
⎷,483d8b,1637224245,2400:4150:264:9b00:cdeb:fbbc:c577:c694
⌠,ffb6c1,1637249155,118.11.178.209
〜,fff000,1637667418,218.41.36.26
〜,90ee90,1637750130,180.32.43.172
⌠,ba55d3,1637850451,114.169.72.5
⧘,008080,1637944440,122.251.42.221
⟡,fff000,1638069342,122.251.42.221
∠,ba55d3,1638069399,126.157.247.11
〜,008080,1638069456,126.157.247.11
∧,fff000,1638277649,118.13.232.131
