◡,ffdab9,1633051734,240b:250:261:e800:d162:9668:e3f4:2928
°,b0c4de,1633141198,218.41.36.26
┐,ff8c00,1633160504,126.87.216.96
⎷,008080,1633231733,218.41.36.26
⎷,483d8b,1633260193,126.87.216.96
-,808080,1633314245,218.41.36.26
⍥,ff0000,1633323546,106.171.87.34
〜,ffb6c1,1633327451,180.17.208.35
⟡,fff000,1633411410,240b:250:261:e800:1d09:b249:f9de:d575
∥,ff8c00,1633416321,153.142.107.90
⧘,800000,1633484969,240b:250:261:e800:cc70:df23:f642:5508
⎷,fffafa,1633502137,153.142.107.90
〜,ffb6c1,1633515610,122.19.69.191
⍥,0000cd,1633584182,218.41.36.26
°,b0c4de,1633662713,240b:250:261:e800:f80c:db29:508d:d145
⍥,ba55d3,1633757222,219.115.187.43
⎷,ffdab9,1633941922,219.115.187.43
⎷,800000,1633959073,126.87.216.96
┐,556b2f,1634042326,126.87.216.96
❞,0000cd,1634084690,126.205.220.252
❜,ffb6c1,1634255622,180.45.205.17
⎷,556b2f,1634293534,240b:250:261:e800:88f2:f101:473e:429
৲,ffb6c1,1634294144,240b:250:261:e800:380c:5d34:25c5:d74f
◡,ffdab9,1634302269,221.190.113.132
⟡,0000cd,1634319177,2409:250:300:4000:c4c4:7082:4d2:b88
／,808080,1634540615,240b:250:261:e800:7c86:344a:6ac5:e901
⌠,ffdab9,1634800279,240b:250:261:e800:891b:892d:668e:440
◡,b0c4de,1634905239,180.17.214.2
∰,556b2f,1634948606,211.11.13.102
“,556b2f,1635124577,240b:250:261:e800:a0dd:5cdc:53de:66ef
৲,fff000,1635231540,240b:250:261:e800:cd7d:6d67:eb1f:3581
⧘,808080,1635337823,2400:4150:2163:fc00:85a4:823:3bcb:a266
⍥,fff000,1635344910,153.178.137.210
⧘,90ee90,1635402150,240b:250:261:e800:e532:2c9f:75bf:ae12
▱,0000cd,1635644980,126.237.22.24
∝,556b2f,1635659453,218.41.36.26
⎷,d2b48c,1635671092,218.41.36.26
