⎷,808080,1643598197,126.28.177.136
°,b0c4de,1643679269,126.28.177.136
৲,d2b48c,1643852872,2400:4150:264:9b00:f0aa:4b05:abdf:41f2
⟡,fff000,1644195840,2400:4150:264:9b00:10a7:5c48:89d8:f475
◡,fff000,1644629288,180.7.96.230
◡,fff000,1644639761,180.44.44.56
∰,ffb6c1,1644643134,114.153.17.101
⍥,0000cd,1644645895,211.11.13.48
…,ff0000,1644647243,153.179.146.90
〜,b0c4de,1644650509,180.26.77.97
⍥,ff8c00,1644658019,118.103.63.135
৲,f0ffff,1644662993,180.7.96.230
・,808080,1644760489,126.108.103.22
◡,483d8b,1644972795,126.254.234.98
⧘,800000,1644983818,2400:4150:264:9b00:18c0:8552:bc89:91b2
∠,ff8c00,1644999368,180.32.41.165
*,fffafa,1645078538,126.108.103.22
⧘,483d8b,1645149090,2400:4150:264:9b00:245a:751e:826b:b444
⧘,808080,1645239296,153.172.45.127
⍥,ff8c00,1645253260,126.108.103.22
⎮,d2b48c,1645347528,153.172.45.127
〜,fff000,1645409880,2400:4150:264:9b00:b42d:b95b:9d4a:f30d
°,b0c4de,1645663203,125.175.7.144
⧘,f0ffff,1645772467,126.233.144.31
⌠,800000,1645855764,218.41.20.167
