*,483d8b,1654051079,
∟,0000cd,1654073888,
┐,ffdab9,1654158998,2400:4150:264:9b00:41b4:b97a:5db7:d2b7
・,808080,1654326251,
┐,800000,1654587284,2400:4150:264:9b00:d48c:2873:7bf:7794
⌠,d2b48c,1655093984,2400:4150:264:9b00:b87e:41eb:798f:50a
∧,b0c4de,1655287542,2400:4150:264:9b00:30aa:3364:f927:1df
⟡,ff8c00,1655700443,2400:4150:264:9b00:c01f:5167:a0ab:e053
⋰,f0ffff,1655863764,2400:4150:264:9b00:41a5:ae32:a3d2:b59b
◡,ff8c00,1655913021,
…,fffafa,1656094997,
◡,008080,1656224382,
৲,556b2f,1656313426,2400:4150:264:9b00:6c28:bbd5:60ec:9c69
°,556b2f,1656339691,2001:268:c085:2340:cdc6:6614:4df4:86d3
*,ffdab9,1656402538,2001:268:c086:442:4c33:e906:e619:deeb
*,90ee90,1656404869,2400:4150:264:9b00:48e3:bef4:b36e:18e9
⧘,ffdab9,1656639258,2400:4150:264:9b00:2556:650:9dd4:b4fe
⟩,ffdab9,1656812909,2400:4150:2163:fc00:985:5738:808d:171f
°,b0c4de,1656983303,2400:4150:264:9b00:acdb:78eb:30b8:2532
